imageX,imageY,r,g,b,luminance,estimatedRadiusPixels,localContrast,emissive
264,134,0.952941,0.968627,1.0,0.967558,0.643116,0.825181,3.5
432,207,0.913725,0.929412,1.0,0.931173,0.55,0.814303,3.458061
71,318,0.894118,0.929412,1.0,0.927005,0.725631,0.77148,3.292964
87,297,0.937255,0.94902,1.0,0.950199,0.809594,0.755914,3.23295
333,61,0.854902,0.882353,1.0,0.885011,0.55,0.766841,3.275077
89,332,0.913725,0.917647,1.0,0.922759,0.734216,0.746992,3.198553
365,218,1.0,0.984314,1.0,0.988781,0.95689,0.710176,3.056616
429,173,0.87451,0.898039,1.0,0.900398,0.896407,0.743227,3.18404
59,255,0.85098,0.886275,0.945098,0.883018,0.621362,0.733091,3.144959
353,236,0.882353,0.886275,1.0,0.893652,0.647242,0.72398,3.109834
58,43,0.8,0.862745,0.862745,0.849406,0.55,0.741174,3.176124
141,104,0.788235,0.839216,0.905882,0.833191,0.691303,0.714517,3.073353
58,480,0.788235,0.827451,0.831373,0.819397,0.55,0.711287,3.0609
205,147,0.819608,0.85098,1.0,0.85507,0.655773,0.691668,2.985262
382,208,0.819608,0.831373,1.0,0.841046,0.754689,0.697274,3.006874
112,401,0.823529,0.843137,0.956863,0.84718,0.55,0.694259,2.99525
113,392,0.811765,0.839216,0.901961,0.83791,0.55,0.687214,2.968088
334,326,0.976471,0.921569,1.0,0.938904,0.670775,0.638063,2.778593
477,240,0.752941,0.780392,0.992157,0.789845,0.55,0.689911,2.978485
477,349,0.780392,0.788235,1.0,0.801857,0.578415,0.680902,2.943752
253,191,0.8,0.827451,0.894118,0.826428,0.55,0.66978,2.900874
416,145,0.780392,0.788235,1.0,0.801857,0.786764,0.678405,2.934126
173,338,0.964706,0.976471,1.0,0.975668,0.691059,0.599758,2.630915
108,295,0.815686,0.839216,1.0,0.845822,0.783893,0.652709,2.835061
215,459,0.819608,0.839216,0.894118,0.839011,0.55,0.650601,2.826933
148,221,0.847059,0.843137,1.0,0.855296,0.60855,0.636825,2.773823
315,487,0.854902,0.843137,0.886275,0.848753,0.698613,0.629368,2.745074
33,265,0.756863,0.784314,0.956863,0.790936,0.802258,0.653715,2.838937
470,362,0.733333,0.772549,0.8,0.766194,0.55,0.658202,2.856238
333,293,0.866667,0.858824,0.996078,0.870401,0.910092,0.608213,2.663513
190,124,0.705882,0.74902,0.937255,0.753439,0.55,0.654259,2.841037
263,332,1.0,0.94902,1.0,0.963539,0.790573,0.563967,2.492927
207,432,0.831373,0.831373,1.0,0.843547,0.55,0.615376,2.691127
29,579,0.709804,0.768627,0.756863,0.755272,0.635413,0.645686,2.807985
113,632,0.745098,0.737255,0.988235,0.757043,0.764683,0.644776,2.804474
101,436,0.74902,0.756863,0.901961,0.765671,0.55,0.632883,2.758622
47,267,0.733333,0.764706,0.807843,0.761151,0.668216,0.632145,2.755779
350,487,0.815686,0.807843,0.819608,0.81036,0.799217,0.604517,2.649263
398,429,0.768627,0.788235,0.866667,0.789729,0.55,0.609792,2.6696
354,123,0.682353,0.745098,0.74902,0.732042,0.553791,0.629317,2.744876
317,496,0.8,0.788235,0.854902,0.79555,0.562414,0.597493,2.622181
259,225,0.811765,0.807843,0.972549,0.820569,0.914404,0.584649,2.572666
383,626,0.721569,0.741176,0.717647,0.735309,0.55,0.620048,2.709139
253,352,0.980392,0.929412,1.0,0.945347,0.58223,0.525885,2.34611
270,382,0.94902,0.933333,1.0,0.941482,0.76017,0.52524,2.343621
428,322,0.721569,0.717647,1.0,0.738867,0.669498,0.602502,2.641496
117,413,0.745098,0.756863,0.847059,0.760874,1.868962,0.591678,2.599762
125,420,0.72549,0.737255,0.796078,0.739001,0.55,0.593202,2.605638
336,364,0.823529,0.835294,0.933333,0.839871,0.876459,0.536083,2.385427
136,268,0.87451,0.843137,0.929412,0.856036,0.917726,0.51865,2.318216
413,155,0.666667,0.690196,0.917647,0.701616,1.858094,0.581587,2.560858
268,333,0.901961,0.815686,1.0,0.847336,0.55,0.507782,2.276317
185,407,0.741176,0.756863,0.831373,0.758907,0.55,0.538481,2.394672
191,353,0.858824,0.835294,0.952941,0.848791,0.590165,0.497368,2.236167
482,224,0.631373,0.690196,0.67451,0.676558,0.666655,0.559903,2.477261
248,363,0.898039,0.866667,0.984314,0.881831,0.55,0.471005,2.134527
5,255,0.615686,0.678431,0.662745,0.663959,0.55,0.560966,2.481358
463,381,0.631373,0.678431,0.717647,0.671258,0.55,0.553694,2.453323
359,298,0.694118,0.717647,0.764706,0.716042,0.759718,0.533871,2.376897
344,460,0.768627,0.745098,0.764706,0.751516,0.570388,0.51466,2.302831
383,194,0.615686,0.666667,0.690196,0.657527,0.643414,0.554153,2.455091
400,144,0.615686,0.647059,0.835294,0.65398,0.692124,0.552621,2.449186
335,359,0.811765,0.819608,0.988235,0.830115,0.780643,0.476374,2.155228
122,468,0.662745,0.678431,0.792157,0.683308,1.814043,0.538033,2.392946
366,516,0.67451,0.67451,0.698039,0.676209,0.55,0.538908,2.396318
229,423,0.741176,0.760784,0.835294,0.761995,0.55,0.501775,2.253158
249,221,0.72549,0.705882,0.854902,0.72081,0.926067,0.515917,2.30768
80,113,0.588235,0.654902,0.627451,0.638747,0.55,0.548495,2.433279
184,236,0.721569,0.705882,0.843137,0.719127,0.55,0.511633,2.291164
498,385,0.623529,0.639216,0.909804,0.655417,0.55,0.531688,2.368483
444,198,0.588235,0.635294,0.776471,0.635482,0.55,0.539068,2.396933
123,225,0.686275,0.694118,0.72549,0.694715,0.55,0.50686,2.272759
74,266,0.643137,0.678431,0.701961,0.672627,1.710368,0.512085,2.292907
303,71,0.568627,0.635294,0.603922,0.618856,0.55,0.529786,2.361149
178,243,0.796078,0.796078,1.0,0.810802,1.319724,0.443132,2.027067
119,261,0.694118,0.713726,0.764706,0.713238,0.620716,0.481645,2.175548
446,108,0.564706,0.631373,0.6,0.614934,0.55,0.523181,2.335684
158,395,0.670588,0.678431,0.768627,0.683276,0.55,0.492774,2.218455
402,227,0.576471,0.611765,0.772549,0.61587,0.55,0.520538,2.325496
274,237,0.717647,0.705882,0.768627,0.712914,0.903734,0.475602,2.152249
294,439,0.733333,0.717647,0.945098,0.737404,0.921299,0.462992,2.103632
192,295,0.976471,0.866667,0.94902,0.895957,0.594926,0.392662,1.832486
1,85,0.576471,0.635294,0.607843,0.620806,0.612198,0.505875,2.268964
192,512,0.611765,0.623529,0.65098,0.62301,0.55,0.498836,2.241825
163,300,0.835294,0.815686,0.898039,0.825801,0.932837,0.410775,1.90232
435,281,0.564706,0.603922,0.709804,0.603229,0.55,0.504254,2.262712
217,263,0.694118,0.690196,0.745098,0.694994,0.634604,0.461947,2.099606
49,114,0.556863,0.615686,0.596078,0.601765,0.806988,0.500383,2.247791
21,461,0.552941,0.611765,0.588235,0.59756,0.640734,0.498538,2.240678
258,270,0.823529,0.737255,0.827451,0.762109,0.825535,0.418661,1.932724
91,173,0.607843,0.631373,0.764706,0.635997,0.79857,0.472074,2.138649
498,78,0.545098,0.6,0.635294,0.590876,0.55,0.486061,2.192574
365,140,0.533333,0.592157,0.607843,0.580784,0.58091,0.487191,2.196928
200,435,0.639216,0.654902,0.807843,0.662609,0.986253,0.446014,2.038177
309,375,0.686275,0.658824,0.831373,0.677118,0.689332,0.436833,2.002782
114,262,0.623529,0.654902,0.768627,0.656443,0.628773,0.444379,2.031874
140,428,0.6,0.615686,0.721569,0.619996,0.563227,0.459466,2.09004
122,464,0.596078,0.6,0.776471,0.611907,1.629618,0.457841,2.083775
209,208,0.682353,0.654902,0.690196,0.663286,0.694798,0.435642,1.998189
126,385,0.584314,0.623529,0.717647,0.621987,0.670971,0.452924,2.064818
265,218,0.619608,0.615686,0.67451,0.620767,0.662372,0.452171,2.061915
224,323,0.988235,0.933333,1.0,0.949819,1.551704,0.308484,1.507951
362,206,0.537255,0.572549,0.72549,0.576088,0.702568,0.468445,2.124657
248,455,0.65098,0.627451,0.831373,0.647177,0.670765,0.4365,2.001498
385,405,0.607843,0.619608,0.745098,0.626167,0.692687,0.444784,2.033438
371,189,0.529412,0.568627,0.666667,0.567369,0.874857,0.465177,2.11206
372,155,0.517647,0.580392,0.580392,0.567053,0.811522,0.465208,2.11218
42,307,0.521569,0.568627,0.619608,0.562304,0.603488,0.461163,2.096582
416,308,0.54902,0.584314,0.705882,0.585588,1.279319,0.445696,2.036953
161,243,0.623529,0.627451,0.670588,0.629732,0.70972,0.426294,1.962151
384,331,0.568627,0.580392,0.647059,0.582704,0.55,0.442558,2.024853
388,256,0.517647,0.564706,0.623529,0.558948,0.55,0.45147,2.059213
317,586,0.545098,0.564706,0.541176,0.558838,0.647004,0.44966,2.052233
241,591,0.517647,0.552941,0.541176,0.544588,0.55,0.445408,2.035843
448,278,0.505882,0.541176,0.658824,0.542167,0.79476,0.441819,2.022003
436,236,0.501961,0.533333,0.721569,0.540254,0.818953,0.440253,2.015968
281,411,0.690196,0.682353,0.768627,0.690249,0.607686,0.37472,1.763315
241,296,0.654902,0.682353,0.811765,0.68586,0.996846,0.374073,1.760822
235,111,0.490196,0.537255,0.627451,0.533762,0.586663,0.438762,2.01022
237,339,0.87451,0.768627,0.839216,0.796235,0.898685,0.324787,1.570806
321,539,0.556863,0.541176,0.733333,0.558385,0.771106,0.4258,1.960245
490,528,0.482353,0.529412,0.517647,0.518558,0.55,0.44093,2.018579
301,216,0.541176,0.584314,0.658824,0.580522,0.939259,0.414157,1.915357
245,402,0.67451,0.643137,0.721569,0.65547,0.55,0.381973,1.791278
436,566,0.513726,0.52549,0.662745,0.532899,0.678042,0.42997,1.976323
182,280,0.929412,0.807843,0.858824,0.837369,0.607943,0.29611,1.460244
367,292,0.552941,0.568627,0.717647,0.576052,1.081125,0.408058,1.891843
356,172,0.478431,0.52549,0.623529,0.522564,0.705424,0.430539,1.978517
262,346,0.74902,0.682353,0.745098,0.701056,1.052432,0.354013,1.683483
410,472,0.580392,0.603922,0.639216,0.601467,2.271539,0.396387,1.84685
422,324,0.513726,0.537255,0.643137,0.539897,0.562878,0.421293,1.942872
58,251,0.501961,0.533333,0.635294,0.534025,0.55,0.419637,1.936486
339,353,0.65098,0.631373,0.792157,0.64715,0.55,0.366148,1.730268
72,242,0.501961,0.533333,0.611765,0.532326,0.721683,0.410468,1.901138
472,285,0.462745,0.52549,0.521569,0.511867,0.701545,0.418668,1.932748
364,417,0.580392,0.603922,0.705882,0.606281,0.743274,0.377741,1.774961
160,275,0.843137,0.745098,0.819608,0.771321,0.633104,0.301379,1.480561
180,352,0.666667,0.631373,0.752941,0.647653,2.298832,0.35362,1.681965
15,306,0.454902,0.505882,0.52549,0.49646,0.55,0.411635,1.905635
430,352,0.478431,0.517647,0.545098,0.511292,0.743853,0.403759,1.875272
114,37,0.443137,0.509804,0.478431,0.493365,0.55,0.411153,1.903775
224,296,0.603922,0.596078,0.709804,0.605957,0.587283,0.362715,1.71703
214,450,0.52549,0.556863,0.611765,0.554157,0.55,0.382794,1.794443
85,179,0.533333,0.564706,0.517647,0.554639,1.545796,0.381983,1.791317
155,383,0.552941,0.560784,0.690196,0.56846,0.55,0.375253,1.76537
29,121,0.458824,0.509804,0.494118,0.497833,0.77176,0.401951,1.868301
405,241,0.454902,0.501961,0.54902,0.495354,0.61797,0.402265,1.869512
281,438,0.6,0.596078,0.658824,0.601442,0.681822,0.355315,1.688502
292,402,0.67451,0.639216,0.745098,0.654364,0.55,0.329563,1.589218
405,464,0.576471,0.584314,0.631373,0.586044,0.780012,0.35808,1.69916
106,212,0.537255,0.541176,0.619608,0.546005,1.707981,0.366799,1.732775
424,421,0.470588,0.501961,0.517647,0.496424,0.642653,0.386934,1.810405
236,381,0.662745,0.647059,0.713726,0.655207,1.920936,0.318361,1.54603
125,90,0.435294,0.490196,0.52549,0.481072,0.637115,0.39256,1.832096
88,257,0.47451,0.513726,0.54902,0.507936,0.579777,0.378537,1.778029
285,406,0.658824,0.635294,0.713726,0.645959,0.55,0.317016,1.540846
244,364,0.709804,0.682353,0.792157,0.696117,1.845671,0.29456,1.45427
390,235,0.443137,0.482353,0.584314,0.481377,0.645725,0.384943,1.802729
238,221,0.545098,0.533333,0.635294,0.543196,0.918316,0.357964,1.698715
144,362,0.521569,0.537255,0.686275,0.544679,1.665682,0.349932,1.66775
344,336,0.588235,0.568627,0.654902,0.579025,0.659508,0.333006,1.602491
207,444,0.513726,0.537255,0.6,0.536783,0.63335,0.350215,1.668839
36,128,0.427451,0.482353,0.482353,0.470681,0.811176,0.378017,1.776027
191,416,0.533333,0.545098,0.607843,0.547127,0.698842,0.344853,1.648169
202,30,0.415686,0.478431,0.470588,0.464525,0.610951,0.379127,1.780307
473,385,0.439216,0.470588,0.560784,0.470431,0.642613,0.374914,1.764061
319,287,0.603922,0.588235,0.654902,0.596384,1.915183,0.317185,1.541496
174,455,0.490196,0.505882,0.552941,0.505945,0.895196,0.354267,1.684461
11,436,0.423529,0.466667,0.541176,0.462875,0.598846,0.369769,1.744229
184,72,0.415686,0.478431,0.462745,0.463959,0.672997,0.368878,1.740791
128,191,0.431373,0.47451,0.588235,0.47355,0.55,0.361064,1.710668
149,228,0.568627,0.541176,0.615686,0.552392,0.711255,0.325979,1.575403
104,217,0.509804,0.521569,0.686275,0.530959,0.803244,0.333481,1.604326
450,202,0.407843,0.458824,0.529412,0.453082,0.637262,0.366806,1.732802
330,339,0.568627,0.552941,0.603922,0.559957,0.55,0.320964,1.556067
394,424,0.486275,0.509804,0.568627,0.509049,0.790504,0.340132,1.629966
248,335,0.682353,0.592157,0.6,0.611899,0.55,0.295786,1.458997
147,182,0.427451,0.466667,0.498039,0.460595,0.55,0.359733,1.705534
339,461,0.513726,0.517647,0.560784,0.519928,0.58566,0.330522,1.592915
313,386,0.541176,0.533333,0.545098,0.53585,0.723056,0.323067,1.564176
191,287,0.870588,0.776471,0.772549,0.796197,1.005961,0.207985,1.120492
488,223,0.4,0.458824,0.435294,0.444619,0.617706,0.357996,1.69884
292,387,0.627451,0.596078,0.72549,0.612092,0.592894,0.286149,1.421843
190,370,0.576471,0.564706,0.639216,0.572587,1.386956,0.303043,1.486977
303,443,0.564706,0.556863,0.635294,0.564193,0.711837,0.305267,1.495548
217,411,0.529412,0.541176,0.6,0.542922,0.55,0.311351,1.519006
122,506,0.423529,0.462745,0.466667,0.454691,0.768223,0.348756,1.663215
125,207,0.458824,0.470588,0.537255,0.4729,0.55,0.337709,1.620624
499,327,0.415686,0.45098,0.541176,0.449989,0.632835,0.347253,1.65742
228,400,0.568627,0.572549,0.65098,0.577378,1.28092,0.287185,1.425835
282,460,0.529412,0.505882,0.545098,0.513716,0.59245,0.311649,1.520153
152,334,0.537255,0.552941,0.694118,0.559799,0.660343,0.291377,1.441999
308,279,0.596078,0.541176,0.670588,0.562192,0.661872,0.286324,1.422516
331,139,0.384314,0.443137,0.470588,0.432613,0.701682,0.34128,1.63439
18,310,0.392157,0.439216,0.486275,0.432609,0.653635,0.34123,1.634198
272,309,0.529412,0.521569,0.603922,0.529182,1.72723,0.298721,1.470311
176,231,0.498039,0.517647,0.74902,0.530184,1.470195,0.29673,1.462638
203,289,0.85098,0.713726,0.733333,0.744322,1.688542,0.203532,1.103324
212,351,0.635294,0.647059,0.713726,0.649371,0.55,0.243475,1.257319
196,501,0.45098,0.466667,0.513726,0.466729,0.760603,0.321386,1.557694
251,296,0.588235,0.545098,0.631373,0.560498,0.750066,0.278104,1.390826
371,375,0.494118,0.486275,0.529412,0.491056,0.906458,0.30502,1.494596
102,210,0.384314,0.47451,0.592157,0.463828,0.71646,0.316466,1.538725
170,545,0.407843,0.435294,0.470588,0.432006,0.55,0.329402,1.588597
226,320,0.854902,0.74902,0.780392,0.773795,2.4,0.18262,1.0227
201,270,0.721569,0.596078,0.65098,0.626722,0.743543,0.245491,1.265092
395,361,0.45098,0.462745,0.517647,0.464208,0.699492,0.315029,1.533185
411,211,0.376471,0.427451,0.447059,0.418028,0.55,0.334715,1.60908
63,142,0.368627,0.435294,0.407843,0.419139,0.814328,0.331679,1.597376
67,291,0.392157,0.439216,0.482353,0.432326,0.655484,0.32533,1.5729
283,309,0.505882,0.490196,0.521569,0.495796,0.55,0.296632,1.462259
291,583,0.415686,0.431373,0.439216,0.428604,0.760706,0.324672,1.570362
181,377,0.494118,0.521569,0.584314,0.520263,0.588039,0.284604,1.415886
320,424,0.529412,0.517647,0.552941,0.522696,0.55,0.281724,1.404783
297,482,0.482353,0.470588,0.513726,0.476204,0.673794,0.301424,1.480735
373,355,0.458824,0.458824,0.498039,0.461655,0.78979,0.306877,1.501758
287,428,0.529412,0.521569,0.568627,0.526634,0.55,0.276726,1.385514
465,288,0.368627,0.423529,0.466667,0.414972,0.691891,0.323776,1.566907
262,253,0.564706,0.505882,0.533333,0.52037,0.882265,0.277156,1.387171
179,418,0.45098,0.47451,0.529412,0.473471,0.668657,0.295885,1.459378
354,398,0.529412,0.517647,0.584314,0.524962,0.588195,0.269083,1.356047
347,281,0.435294,0.454902,0.541176,0.456962,0.560066,0.298105,1.467939
314,330,0.560784,0.541176,0.698039,0.556671,2.118143,0.254925,1.301463
420,317,0.384314,0.423529,0.482353,0.419439,0.661985,0.313587,1.527627
300,385,0.541176,0.501961,0.603922,0.51766,0.734876,0.270644,1.362064
270,328,0.568627,0.521569,0.627451,0.539218,2.233107,0.260551,1.323153
306,297,0.6,0.529412,0.615686,0.550648,0.904695,0.255342,1.303069
212,386,0.545098,0.529412,0.658824,0.54209,2.096905,0.256868,1.308954
333,353,0.545098,0.54902,0.733333,0.561493,2.4,0.248386,1.276252
320,381,0.517647,0.501961,0.564706,0.509826,1.382877,0.270508,1.36154
402,428,0.431373,0.454902,0.505882,0.45358,1.575882,0.29269,1.447059
114,411,0.403922,0.435294,0.517647,0.43457,2.4,0.299601,1.473705
481,531,0.376471,0.407843,0.419608,0.402023,0.55,0.312595,1.5238
116,179,0.380392,0.427451,0.490196,0.421976,1.076765,0.302132,1.483461
305,406,0.545098,0.513726,0.572549,0.524642,0.659696,0.257289,1.310576
1,288,0.356863,0.415686,0.4,0.402048,0.571242,0.309504,1.511886
417,383,0.423529,0.443137,0.490196,0.442366,0.973948,0.290533,1.438744
281,239,0.443137,0.45098,0.501961,0.452994,0.550276,0.285315,1.418627
159,310,0.580392,0.537255,0.631373,0.553221,0.630122,0.241969,1.251515
185,300,0.745098,0.654902,0.694118,0.676909,0.645009,0.188195,1.044195
167,429,0.45098,0.462745,0.537255,0.465624,1.47416,0.27804,1.390579
418,52,0.345098,0.411765,0.388235,0.395893,0.826735,0.305715,1.497276
68,254,0.372549,0.407843,0.470588,0.40487,0.776513,0.30167,1.481683
366,364,0.443137,0.443137,0.47451,0.445402,0.781857,0.283802,1.412794
173,379,0.45098,0.478431,0.615686,0.482505,0.919922,0.267448,1.349743
229,360,0.623529,0.611765,0.67451,0.618796,1.069201,0.207892,1.120136
130,386,0.415686,0.45098,0.545098,0.450272,1.832514,0.279569,1.396474
282,289,0.564706,0.501961,0.623529,0.524078,1.977625,0.247643,1.273387
304,459,0.470588,0.462745,0.505882,0.467527,0.656337,0.271763,1.36638
144,219,0.392157,0.458824,0.643137,0.457958,2.4,0.275636,1.381312
300,415,0.54902,0.513726,0.584314,0.526326,0.716151,0.244173,1.260011
167,418,0.443137,0.443137,0.47451,0.445402,0.55,0.278701,1.393126
375,314,0.407843,0.423529,0.462745,0.423026,0.747731,0.287821,1.428287
159,221,0.447059,0.462745,0.572549,0.467338,0.999869,0.268776,1.354863
215,385,0.52549,0.509804,0.635294,0.522199,2.4,0.243548,1.257601
425,505,0.396078,0.403922,0.45098,0.405652,0.633509,0.29301,1.448296
422,205,0.341176,0.403922,0.396078,0.390016,0.973125,0.299288,1.472499
241,307,0.584314,0.509804,0.54902,0.528476,2.05789,0.237801,1.235445
320,263,0.45098,0.47451,0.572549,0.476586,1.024324,0.259996,1.321015
304,390,0.517647,0.486275,0.537255,0.496625,0.55,0.251196,1.287088
156,403,0.411765,0.443137,0.486275,0.439582,0.986741,0.274043,1.375169
200,277,0.843137,0.717647,0.690196,0.742344,1.792059,0.14426,0.87481
175,447,0.403922,0.427451,0.47451,0.425846,0.666652,0.279071,1.394553
207,340,0.658824,0.619608,0.717647,0.635024,2.289298,0.188982,1.04723
182,355,0.52549,0.509804,0.631373,0.521916,2.4,0.236444,1.230211
136,201,0.431373,0.478431,0.745098,0.48768,1.887588,0.251116,1.286778
208,411,0.458824,0.478431,0.52549,0.47766,0.55,0.254821,1.301063
382,316,0.396078,0.411765,0.454902,0.411544,0.758526,0.282882,1.409249
324,511,0.411765,0.407843,0.427451,0.410093,0.55,0.282564,1.408019
299,347,0.564706,0.509804,0.537255,0.523458,2.4,0.232901,1.216553
254,513,0.411765,0.411765,0.45098,0.414596,0.727898,0.278918,1.393965
335,321,0.486275,0.466667,0.54902,0.476781,0.55,0.25174,1.289183
411,469,0.47451,0.478431,0.584314,0.485242,2.083341,0.247261,1.271916
267,568,0.364706,0.4,0.388235,0.391647,0.937074,0.286226,1.422138
176,352,0.498039,0.498039,0.603922,0.505684,0.55,0.236057,1.22872
120,416,0.392157,0.403922,0.478431,0.4068,2.4,0.276494,1.384619
146,260,0.576471,0.541176,0.584314,0.551795,0.641513,0.214059,1.143911
221,343,0.694118,0.611765,0.67451,0.633803,1.252975,0.177821,1.004199
25,455,0.333333,0.376471,0.384314,0.367866,0.55,0.291174,1.441215
496,417,0.341176,0.388235,0.403922,0.379363,0.775353,0.283441,1.411404
261,303,0.494118,0.47451,0.529412,0.482642,1.671228,0.237745,1.235228
295,338,0.545098,0.505882,0.568627,0.51875,2.305275,0.22211,1.17495
151,304,0.513726,0.498039,0.588235,0.507886,0.55,0.225815,1.189233
464,313,0.329412,0.376471,0.4,0.368165,0.678357,0.285626,1.419828
157,332,0.486275,0.490196,0.596078,0.497007,1.924663,0.229822,1.204682
477,180,0.317647,0.384314,0.360784,0.368442,0.646435,0.284852,1.416842
234,369,0.580392,0.552941,0.615686,0.563307,1.804576,0.200511,1.09168
125,39,0.309804,0.376471,0.337255,0.359466,0.55,0.287697,1.42781
160,178,0.376471,0.388235,0.447059,0.389981,0.55,0.273303,1.372317
200,287,0.823529,0.694118,0.698039,0.721914,2.4,0.130827,0.823021
108,260,0.388235,0.431373,0.537255,0.429846,1.879242,0.255037,1.301896
174,462,0.388235,0.396078,0.443137,0.397809,0.55,0.268744,1.354739
189,272,0.811765,0.686275,0.690196,0.713237,2.4,0.131455,0.825442
332,498,0.4,0.396078,0.415686,0.398328,0.571301,0.263519,1.334597
354,20,0.305882,0.376471,0.321569,0.3575,0.627811,0.279684,1.396919
246,196,0.376471,0.392157,0.431373,0.391653,0.710227,0.264831,1.339655
483,403,0.329412,0.372549,0.356863,0.362246,0.715607,0.277229,1.387454
116,398,0.364706,0.392157,0.462745,0.391417,2.235042,0.264491,1.338343
281,329,0.517647,0.466667,0.541176,0.482885,0.63295,0.224812,1.185366
74,327,0.333333,0.380392,0.435294,0.374351,0.678044,0.270065,1.359832
50,310,0.321569,0.372549,0.396078,0.363409,0.589025,0.274231,1.375893
288,160,0.313726,0.364706,0.4,0.356416,0.55,0.277195,1.387322
177,386,0.439216,0.45098,0.572549,0.457256,1.106769,0.232189,1.213806
310,485,0.423529,0.403922,0.45098,0.411488,0.55,0.251026,1.28643
243,321,0.694118,0.560784,0.592157,0.591396,2.152181,0.173613,0.987976
258,340,0.580392,0.517647,0.584314,0.5358,1.590654,0.197377,1.079595
285,387,0.54902,0.521569,0.592157,0.532501,1.475817,0.198706,1.084719
243,370,0.564706,0.541176,0.584314,0.549293,0.779547,0.190744,1.054023
219,336,0.67451,0.6,0.67451,0.62122,1.196261,0.157834,0.927144
316,310,0.470588,0.447059,0.490196,0.455176,0.709265,0.228628,1.200078
380,394,0.427451,0.427451,0.458824,0.429716,1.244688,0.239329,1.241335
140,279,0.521569,0.509804,0.615686,0.51995,1.508895,0.200101,1.090099
302,344,0.498039,0.462745,0.517647,0.474213,2.4,0.21944,1.164655
180,513,0.356863,0.376471,0.392157,0.373435,0.679053,0.262326,1.329997
363,369,0.419608,0.411765,0.454902,0.416547,0.814684,0.243186,1.256204
193,325,0.627451,0.592157,0.666667,0.60504,1.609951,0.161659,0.941889
155,416,0.372549,0.396078,0.447059,0.394757,0.55,0.249528,1.280657
225,576,0.341176,0.372549,0.352941,0.364464,0.777131,0.26163,1.327311
377,246,0.32549,0.368627,0.439216,0.364553,0.733034,0.260987,1.324832
410,463,0.411765,0.411765,0.47451,0.416295,0.55,0.237212,1.233174
297,399,0.529412,0.490196,0.560784,0.50363,0.948023,0.199539,1.087929
399,274,0.317647,0.364706,0.419608,0.358665,0.741346,0.261405,1.326446
446,145,0.290196,0.34902,0.439216,0.343026,0.630819,0.267185,1.34873
264,268,0.560784,0.478431,0.541176,0.50047,0.959578,0.199458,1.08762
281,448,0.443137,0.443137,0.482353,0.445969,0.679597,0.222669,1.177106
166,288,0.666667,0.615686,0.686275,0.631621,2.13325,0.142775,0.869084
263,1,0.301961,0.368627,0.329412,0.351623,0.691703,0.262663,1.331295
287,296,0.517647,0.466667,0.643137,0.490246,1.065136,0.202867,1.100761
135,466,0.360784,0.376471,0.423529,0.376533,1.754321,0.25156,1.288488
311,503,0.388235,0.384314,0.403922,0.386563,0.58658,0.247245,1.271856
330,351,0.517647,0.486275,0.705882,0.5088,2.4,0.194325,1.06783
5,96,0.294118,0.352941,0.32549,0.338453,0.661593,0.265709,1.343041
404,504,0.376471,0.384314,0.447059,0.387176,0.733108,0.244569,1.261539
412,566,0.32549,0.356863,0.356863,0.350193,0.806904,0.260001,1.321032
174,295,0.701961,0.627451,0.67451,0.646689,0.709835,0.132741,0.8304
404,403,0.352941,0.364706,0.431373,0.367018,0.910132,0.251308,1.28752
41,211,0.313726,0.352941,0.388235,0.347152,0.756724,0.259174,1.317846
280,268,0.529412,0.466667,0.517647,0.483687,1.521225,0.199777,1.08885
230,351,0.6,0.564706,0.623529,0.576457,1.956138,0.159094,0.932001
233,380,0.517647,0.494118,0.564706,0.504216,2.4,0.189797,1.050371
282,334,0.533333,0.47451,0.54902,0.492395,0.710132,0.194326,1.067833
108,579,0.317647,0.356863,0.32549,0.34626,0.758229,0.255805,1.304856
221,287,0.576471,0.490196,0.576471,0.514767,2.210017,0.181765,1.019406
272,436,0.419608,0.435294,0.47451,0.434791,0.57637,0.216009,1.15143
187,402,0.411765,0.427451,0.505882,0.429779,0.683077,0.217868,1.158597
289,314,0.431373,0.415686,0.478431,0.423551,1.427842,0.21939,1.164463
153,427,0.356863,0.380392,0.427451,0.378787,0.937075,0.238162,1.236835
324,393,0.407843,0.415686,0.447059,0.416284,1.165266,0.221712,1.173414
154,263,0.603922,0.552941,0.623529,0.568876,0.941126,0.156139,0.920608
291,475,0.411765,0.403922,0.447059,0.408704,0.79192,0.224628,1.184658
370,385,0.415686,0.415686,0.462745,0.419084,0.617853,0.219885,1.166372
338,369,0.439216,0.431373,0.47451,0.436155,2.194464,0.212458,1.13774
279,318,0.45098,0.415686,0.458824,0.426304,0.650803,0.216139,1.15193
355,30,0.286275,0.341176,0.376471,0.332053,0.810557,0.254514,1.299879
289,285,0.556863,0.486275,0.572549,0.507511,2.080127,0.178537,1.006959
224,317,0.686275,0.588235,0.6,0.609928,2.4,0.13457,0.837451
259,309,0.486275,0.435294,0.501961,0.450946,1.040506,0.20226,1.098423
200,401,0.411765,0.435294,0.509804,0.435671,0.638524,0.208787,1.123585
236,301,0.494118,0.447059,0.552941,0.464708,2.186022,0.196255,1.07527
183,271,0.776471,0.662745,0.678431,0.688056,2.4,0.099368,0.701736
204,416,0.392157,0.415686,0.501961,0.416913,0.9506,0.21527,1.148579
173,206,0.356863,0.368627,0.4,0.368391,0.582168,0.235621,1.227038
255,410,0.466667,0.458824,0.537255,0.466154,0.710765,0.193619,1.065106
179,275,0.733333,0.623529,0.670588,0.650271,0.748843,0.114449,0.759877
203,217,0.486275,0.415686,0.439216,0.432392,0.853519,0.207648,1.119193
189,236,0.376471,0.388235,0.423529,0.388282,0.618002,0.225809,1.189211
383,344,0.364706,0.372549,0.431373,0.375129,0.678394,0.230009,1.205405
165,285,0.67451,0.611765,0.698039,0.631333,2.201141,0.120131,0.781786
270,415,0.462745,0.458824,0.545098,0.465886,2.4,0.190936,1.054765
136,309,0.419608,0.435294,0.513726,0.437622,1.934177,0.202979,1.101193
257,360,0.568627,0.541176,0.568627,0.548995,0.980899,0.155038,0.916364
122,387,0.345098,0.368627,0.498039,0.372969,1.160708,0.230079,1.205673
214,285,0.733333,0.580392,0.584314,0.613191,2.14734,0.126592,0.806695
391,333,0.360784,0.360784,0.501961,0.370977,0.872062,0.230134,1.205886
259,383,0.509804,0.47451,0.545098,0.48711,0.659122,0.179697,1.011433
208,287,0.713726,0.596078,0.564706,0.618825,2.4,0.122355,0.790358
322,324,0.462745,0.431373,0.517647,0.444271,1.837021,0.19683,1.077486
71,290,0.298039,0.345098,0.392157,0.338491,0.55,0.242096,1.252002
185,293,0.690196,0.6,0.596078,0.618893,1.553903,0.121635,0.787582
184,240,0.419608,0.415686,0.513726,0.423598,2.209402,0.204426,1.106771
180,470,0.352941,0.360784,0.407843,0.362515,0.55,0.23023,1.206254
299,375,0.462745,0.443137,0.501961,0.451553,0.875482,0.191841,1.058252
31,143,0.282353,0.333333,0.341176,0.323061,0.55,0.245507,1.265154
361,219,0.321569,0.380392,0.458824,0.373549,2.4,0.223531,1.180429
408,347,0.321569,0.352941,0.392157,0.349103,0.71972,0.233665,1.2195
488,551,0.282353,0.329412,0.313726,0.318275,0.55,0.245863,1.266526
105,320,0.321569,0.368627,0.431373,0.363153,0.753646,0.226525,1.191973
409,278,0.298039,0.337255,0.435294,0.335996,0.977113,0.23787,1.235709
94,297,0.313726,0.360784,0.411765,0.35446,0.641444,0.229549,1.203629
351,351,0.431373,0.403922,0.47451,0.414854,1.929541,0.202977,1.101184
85,176,0.364706,0.368627,0.47451,0.375438,2.4,0.219745,1.165833
402,232,0.278431,0.32549,0.411765,0.321715,0.674062,0.242123,1.252109
148,371,0.356863,0.384314,0.458824,0.383857,0.55,0.215489,1.149422
354,403,0.447059,0.439216,0.509804,0.44598,1.270015,0.188765,1.046393
147,301,0.454902,0.447059,0.529412,0.454672,0.642655,0.184844,1.031277
293,412,0.498039,0.454902,0.537255,0.470019,0.835006,0.177645,1.003523
232,314,0.65098,0.537255,0.572549,0.563981,2.4,0.137329,0.848089
368,508,0.345098,0.352941,0.396078,0.354388,1.614974,0.226956,1.193633
350,348,0.447059,0.411765,0.486275,0.424648,2.4,0.19661,1.07664
496,421,0.282353,0.329412,0.360784,0.321672,0.55,0.240704,1.246637
106,401,0.313726,0.341176,0.415686,0.34072,0.612664,0.232052,1.21328
279,479,0.384314,0.376471,0.427451,0.381819,0.926828,0.212957,1.13966
221,348,0.596078,0.560784,0.635294,0.573667,1.767651,0.130594,0.822123
171,256,0.560784,0.482353,0.560784,0.50469,2.4,0.158735,0.930618
143,216,0.329412,0.368627,0.54902,0.373315,2.07704,0.21465,1.146188
209,277,0.717647,0.588235,0.584314,0.615465,2.053337,0.110824,0.745903
287,442,0.419608,0.411765,0.435294,0.415131,0.736051,0.196432,1.075953
211,271,0.615686,0.513726,0.588235,0.540782,2.044368,0.142186,0.866814
39,244,0.290196,0.329412,0.364706,0.323623,0.910164,0.233939,1.220553
197,456,0.34902,0.364706,0.431373,0.366184,2.345483,0.215168,1.148185
393,511,0.317647,0.337255,0.360784,0.334785,0.668375,0.228414,1.199254
364,425,0.372549,0.376471,0.411765,0.378185,0.824047,0.209734,1.127236
168,336,0.435294,0.458824,0.552941,0.460616,0.779992,0.173737,0.988453
347,451,0.403922,0.396078,0.443137,0.401144,0.692688,0.198995,1.085834
196,242,0.392157,0.403922,0.470588,0.406234,0.587427,0.196453,1.076033
215,340,0.6,0.560784,0.627451,0.573935,0.817047,0.123762,0.795786
279,246,0.411765,0.4,0.439216,0.405333,2.284289,0.195914,1.073956
168,260,0.592157,0.498039,0.556863,0.522296,1.031142,0.145232,0.878558
217,402,0.396078,0.423529,0.490196,0.422507,1.312002,0.187717,1.042352
271,306,0.447059,0.407843,0.501961,0.422976,2.4,0.186825,1.038914
336,419,0.415686,0.407843,0.45098,0.412625,1.438953,0.190623,1.053557
282,246,0.407843,0.396078,0.435294,0.401411,2.156843,0.19519,1.071162
107,463,0.298039,0.329412,0.368627,0.325573,0.776854,0.2276,1.196117
248,383,0.505882,0.462745,0.568627,0.479561,1.438785,0.161576,0.941569
313,361,0.466667,0.411765,0.466667,0.427401,0.711017,0.183428,1.025819
320,496,0.380392,0.372549,0.415686,0.377331,2.4,0.204278,1.106202
235,260,0.423529,0.388235,0.435294,0.399136,1.280157,0.193277,1.063788
335,395,0.380392,0.384314,0.423529,0.386311,0.55,0.198501,1.08393
400,477,0.356863,0.372549,0.411765,0.372046,1.026669,0.20444,1.106826
235,320,0.701961,0.584314,0.627451,0.61244,1.960017,0.101098,0.708407
352,430,0.380392,0.384314,0.4,0.384613,0.55,0.198593,1.084285
204,347,0.517647,0.513726,0.596078,0.520505,0.59426,0.139838,0.857762
260,336,0.521569,0.458824,0.564706,0.479808,2.4,0.156395,0.921594
499,337,0.266667,0.313726,0.368627,0.307685,0.55,0.229797,1.204587
91,343,0.294118,0.337255,0.419608,0.33403,0.69396,0.218362,1.160498
326,387,0.431373,0.407843,0.478431,0.417942,1.382567,0.182387,1.021806
291,232,0.364706,0.396078,0.470588,0.394788,0.740593,0.191878,1.058397
39,203,0.282353,0.317647,0.368627,0.313824,0.939988,0.225944,1.189729
82,227,0.301961,0.333333,0.380392,0.330061,0.712699,0.218827,1.162291
208,450,0.345098,0.372549,0.447059,0.372093,1.096297,0.199424,1.087487
232,420,0.415686,0.427451,0.490196,0.42948,2.4,0.174799,0.992551
265,364,0.509804,0.490196,0.545098,0.498329,1.606119,0.144636,0.87626
293,267,0.470588,0.411765,0.470588,0.428518,1.076329,0.174081,0.989781
22,335,0.266667,0.317647,0.337255,0.308224,0.862831,0.225586,1.188351
328,407,0.384314,0.384314,0.431373,0.387711,1.375389,0.191517,1.057004
305,308,0.470588,0.415686,0.498039,0.433304,1.747201,0.171932,0.981494
390,372,0.341176,0.34902,0.376471,0.349334,0.799757,0.207711,1.119437
64,268,0.254902,0.313726,0.4,0.307449,0.55,0.225539,1.188171
434,302,0.270588,0.317647,0.364706,0.31104,0.797993,0.222993,1.178352
446,420,0.294118,0.329412,0.34902,0.323324,0.747565,0.216975,1.155152
298,331,0.45098,0.419608,0.501961,0.432224,2.4,0.168317,0.967558
233,366,0.533333,0.494118,0.537255,0.505569,2.4,0.136796,0.846036
252,217,0.34902,0.356863,0.368627,0.356045,2.4,0.200693,1.09238
308,323,0.454902,0.415686,0.517647,0.431385,0.75408,0.168155,0.966936
271,347,0.505882,0.458824,0.513726,0.472792,1.933441,0.150313,0.898148
164,549,0.282353,0.317647,0.301961,0.309011,0.843486,0.219718,1.165728
223,461,0.345098,0.356863,0.392157,0.35691,0.55,0.199157,1.086458
241,325,0.6,0.521569,0.513726,0.537677,2.4,0.121675,0.787739
295,334,0.47451,0.431373,0.513726,0.446489,2.4,0.160684,0.938131
177,500,0.309804,0.321569,0.356863,0.321616,0.68015,0.21401,1.143721
151,269,0.521569,0.470588,0.537255,0.48624,1.126042,0.143277,0.87102
58,272,0.270588,0.309804,0.341176,0.303732,0.643655,0.220976,1.170577
243,311,0.537255,0.458824,0.494118,0.478046,1.434503,0.146047,0.881701
101,338,0.305882,0.345098,0.403922,0.341008,0.893759,0.204462,1.10691
342,437,0.403922,0.396078,0.439216,0.40086,2.032121,0.178631,1.007325
98,239,0.317647,0.34902,0.407843,0.346597,2.4,0.201745,1.096435
326,320,0.411765,0.396078,0.419608,0.401112,0.588285,0.178319,1.006121
429,109,0.247059,0.309804,0.301961,0.295898,0.650255,0.222818,1.177678
232,449,0.34902,0.372549,0.431373,0.371794,0.845096,0.189926,1.050871
214,256,0.380392,0.376471,0.439216,0.381835,1.549757,0.18529,1.032994
214,301,0.662745,0.509804,0.529412,0.543735,0.819378,0.115175,0.762679
244,381,0.47451,0.462745,0.498039,0.467795,0.55,0.147354,0.886739
305,198,0.270588,0.305882,0.423529,0.306873,0.683236,0.215637,1.149992
361,380,0.392157,0.388235,0.419608,0.391334,0.55231,0.179309,1.009936
250,432,0.388235,0.396078,0.447059,0.398092,1.303337,0.176257,0.998171
480,339,0.254902,0.305882,0.321569,0.296176,0.55,0.219882,1.16636
332,527,0.329412,0.32549,0.352941,0.328306,1.366938,0.205932,1.112579
228,303,0.47451,0.407843,0.466667,0.426264,0.55,0.163899,0.950527
227,337,0.623529,0.529412,0.584314,0.553385,0.98872,0.109263,0.739885
350,286,0.32549,0.34902,0.435294,0.350246,0.963883,0.195853,1.07372
103,265,0.309804,0.345098,0.403922,0.341842,0.701762,0.19938,1.087318
439,254,0.25098,0.301961,0.321569,0.292538,0.687403,0.220384,1.168294
318,405,0.411765,0.396078,0.447059,0.403094,1.571391,0.172845,0.985018
132,359,0.32549,0.34902,0.431373,0.349963,0.614838,0.195406,1.071997
255,264,0.52549,0.419608,0.482353,0.446649,0.946352,0.153578,0.910733
476,137,0.247059,0.313726,0.286275,0.29757,0.90201,0.217417,1.156856
347,355,0.407843,0.396078,0.462745,0.403393,0.70944,0.171637,0.980358
222,495,0.317647,0.329412,0.360784,0.329176,0.677476,0.203429,1.102927
276,396,0.482353,0.45098,0.541176,0.464162,1.872665,0.145418,0.879274
27,255,0.25098,0.298039,0.352941,0.291998,0.55,0.218507,1.161058
223,275,0.439216,0.4,0.462745,0.412867,0.611933,0.166619,0.961011
286,494,0.345098,0.341176,0.372549,0.344275,0.616081,0.195935,1.074034
240,321,0.647059,0.521569,0.533333,0.549097,2.4,0.108134,0.735532
243,576,0.270588,0.305882,0.294118,0.297529,0.55,0.215459,1.149306
272,366,0.517647,0.470588,0.521569,0.484274,1.620115,0.135323,0.840355
248,375,0.494118,0.478431,0.580392,0.489128,2.210344,0.133086,0.831733
456,287,0.25098,0.294118,0.372549,0.290609,0.616629,0.21808,1.159414
123,398,0.305882,0.333333,0.407843,0.332877,0.957358,0.199262,1.086862
138,579,0.270588,0.305882,0.294118,0.297529,0.682669,0.214129,1.144181
317,290,0.458824,0.419608,0.486275,0.432758,2.4,0.156023,0.92016
336,226,0.278431,0.313726,0.403922,0.312734,0.55,0.207414,1.118292
243,347,0.541176,0.501961,0.568627,0.515111,1.343729,0.120619,0.783668
223,386,0.427451,0.419608,0.509804,0.427787,0.55,0.156884,0.923479
377,217,0.262745,0.301961,0.407843,0.301268,0.651755,0.210216,1.129096
307,261,0.415686,0.396078,0.482353,0.406476,1.981994,0.16505,0.954964
295,367,0.470588,0.427451,0.486275,0.440869,1.521298,0.150259,0.897937
356,316,0.356863,0.34902,0.435294,0.356916,1.20305,0.185918,1.035417
191,316,0.572549,0.513726,0.556863,0.529346,1.445185,0.111922,0.750137
472,379,0.262745,0.305882,0.321569,0.297844,0.94081,0.211038,1.132263
348,325,0.372549,0.364706,0.454902,0.372885,0.693527,0.178667,1.007461
346,474,0.341176,0.356863,0.4,0.356642,0.896029,0.185588,1.034143
358,394,0.4,0.392157,0.431373,0.396656,1.258345,0.168363,0.967735
220,393,0.388235,0.411765,0.482353,0.411859,2.240769,0.161387,0.940843
175,192,0.309804,0.329412,0.419608,0.331755,1.087393,0.19544,1.072128
2,591,0.239216,0.305882,0.266667,0.288878,0.635554,0.213714,1.142581
359,505,0.32549,0.32549,0.356863,0.327755,0.55,0.196146,1.074851
338,204,0.254902,0.301961,0.352941,0.295637,0.647825,0.209584,1.126657
274,417,0.423529,0.415686,0.501961,0.423583,1.224899,0.153724,0.911299
227,403,0.407843,0.419608,0.490196,0.422203,2.4,0.154278,0.913435
241,462,0.341176,0.34902,0.392157,0.350467,0.628466,0.184802,1.031114
111,445,0.282353,0.305882,0.356863,0.304561,0.55,0.204346,1.106463
271,425,0.411765,0.411765,0.478431,0.416578,1.425475,0.156324,0.921323
293,263,0.454902,0.396078,0.47451,0.414247,2.054101,0.156921,0.923623
239,432,0.356863,0.376471,0.423529,0.3757,1.340421,0.17299,0.985574
190,337,0.470588,0.486275,0.556863,0.488036,2.362921,0.124833,0.799915
301,338,0.423529,0.392157,0.447059,0.402791,2.086471,0.161362,0.940743
333,348,0.45098,0.439216,0.607843,0.453892,2.4,0.13897,0.854415
156,355,0.337255,0.372549,0.443137,0.370142,0.55,0.17464,0.991937
296,272,0.466667,0.403922,0.454902,0.420942,0.567259,0.152714,0.907404
320,270,0.392157,0.396078,0.501961,0.402889,1.654793,0.160144,0.936049
262,395,0.466667,0.439216,0.513726,0.450431,1.511083,0.139731,0.85735
345,437,0.384314,0.376471,0.419608,0.381253,2.285107,0.169302,0.971355
333,161,0.247059,0.294118,0.341176,0.287511,0.662108,0.208655,1.123076
368,442,0.34902,0.360784,0.392157,0.360548,0.55,0.176568,0.99937
173,431,0.313726,0.337255,0.384314,0.33565,0.55,0.187213,1.040408
184,264,0.615686,0.498039,0.564706,0.527864,2.285772,0.104368,0.721015
457,604,0.247059,0.294118,0.278431,0.28298,0.602524,0.207717,1.119461
400,365,0.309804,0.32549,0.364706,0.324987,1.884605,0.189655,1.049825
292,284,0.509804,0.443137,0.509804,0.462124,2.4,0.130761,0.822768
447,454,0.266667,0.301961,0.333333,0.296722,0.632627,0.20143,1.095221
218,304,0.627451,0.47451,0.490196,0.508158,2.119326,0.110479,0.744573
28,249,0.243137,0.286275,0.364706,0.282766,1.696829,0.2066,1.115153
272,151,0.243137,0.290196,0.337255,0.283589,0.731728,0.206019,1.112914
330,387,0.407843,0.388235,0.443137,0.396368,2.095265,0.157347,0.925265
101,242,0.305882,0.337255,0.411765,0.335965,2.4,0.182745,1.023183
330,354,0.411765,0.403922,0.490196,0.411818,2.4,0.150044,0.897111
341,234,0.278431,0.313726,0.384314,0.311318,0.781284,0.192893,1.062307
188,360,0.423529,0.411765,0.494118,0.420212,2.245545,0.146145,0.882079
283,21,0.231373,0.298039,0.258824,0.281035,0.897892,0.205389,1.110484
204,382,0.388235,0.392157,0.482353,0.397835,0.780068,0.155077,0.916514
262,580,0.266667,0.298039,0.313726,0.292502,0.882301,0.20005,1.089899
157,289,0.498039,0.466667,0.552941,0.479566,0.703027,0.118698,0.776261
7,432,0.239216,0.294118,0.298039,0.282729,0.984149,0.202728,1.100225
176,308,0.52549,0.501961,0.580392,0.512626,1.122658,0.103967,0.719465
214,306,0.631373,0.486275,0.513726,0.519104,1.456622,0.100504,0.706116
258,353,0.517647,0.47451,0.521569,0.487078,1.215752,0.114199,0.758916
206,370,0.443137,0.427451,0.533333,0.438431,1.555867,0.134567,0.837439
331,417,0.380392,0.372549,0.407843,0.376765,0.55,0.160716,0.938255
129,202,0.356863,0.376471,0.568627,0.386176,2.4,0.156499,0.921997
171,228,0.329412,0.341176,0.498039,0.350001,1.214084,0.171843,0.981152
196,363,0.435294,0.411765,0.505882,0.423562,0.811196,0.139957,0.858221
218,288,0.607843,0.466667,0.541176,0.50206,2.4,0.106171,0.727964
354,414,0.337255,0.34902,0.372549,0.348217,0.678887,0.171914,0.981425
399,437,0.305882,0.333333,0.364706,0.329762,0.699085,0.179634,1.01119
497,308,0.235294,0.278431,0.4,0.278038,1.108858,0.201638,1.096024
188,334,0.47451,0.478431,0.584314,0.485242,2.4,0.112685,0.753077
270,262,0.478431,0.4,0.443137,0.419789,0.873456,0.139994,0.858362
258,290,0.419608,0.380392,0.466667,0.394958,1.287336,0.150451,0.898681
444,190,0.223529,0.278431,0.384314,0.274404,0.648291,0.202041,1.097577
195,335,0.47451,0.494118,0.580392,0.496178,1.255475,0.106985,0.731104
434,412,0.25098,0.290196,0.298039,0.282425,0.55,0.198513,1.083974
319,330,0.407843,0.4,0.490196,0.40818,2.4,0.144464,0.875597
273,331,0.447059,0.396078,0.47451,0.41258,2.4,0.142558,0.868248
170,362,0.364706,0.388235,0.478431,0.389745,0.720914,0.152035,0.904785
296,404,0.454902,0.427451,0.486275,0.437534,1.851349,0.131342,0.825008
162,293,0.47451,0.498039,0.588235,0.499549,0.756823,0.104734,0.722424
160,335,0.388235,0.4,0.501961,0.40486,2.4,0.145251,0.878633
221,354,0.509804,0.505882,0.568627,0.511246,1.565555,0.099137,0.700847
259,284,0.427451,0.392157,0.478431,0.405889,0.932562,0.144052,0.87401
480,272,0.223529,0.278431,0.313726,0.269307,0.55,0.202404,1.098977
326,336,0.392157,0.376471,0.427451,0.383486,2.4,0.153252,0.909479
444,402,0.258824,0.298039,0.305882,0.290268,0.722354,0.193165,1.063357
336,232,0.262745,0.301961,0.4,0.300702,0.55,0.188529,1.045484
218,294,0.572549,0.439216,0.466667,0.469544,1.253402,0.116026,0.76596
110,482,0.262745,0.286275,0.376471,0.287784,0.830377,0.193448,1.064449
282,401,0.45098,0.431373,0.501961,0.440638,2.265823,0.127283,0.809359
246,319,0.576471,0.45098,0.505882,0.481624,2.4,0.10951,0.740838
365,458,0.345098,0.345098,0.376471,0.347363,0.747848,0.16702,0.962557
302,273,0.443137,0.392157,0.462745,0.408092,2.227058,0.14078,0.861395
368,289,0.294118,0.317647,0.419608,0.320006,2.4,0.178382,1.006364
0,425,0.239216,0.294118,0.309804,0.283578,0.822727,0.193772,1.065699
293,348,0.470588,0.403922,0.47451,0.423191,2.30199,0.13353,0.833444
238,351,0.509804,0.494118,0.556863,0.501983,2.4,0.099422,0.701943
174,398,0.333333,0.341176,0.392157,0.34319,0.635414,0.167175,0.963155
322,404,0.372549,0.364706,0.419608,0.370337,2.4,0.155287,0.917323
133,385,0.298039,0.333333,0.403922,0.330926,2.371715,0.1721,0.982144
166,448,0.298039,0.313726,0.352941,0.313222,0.55,0.179232,1.009639
305,248,0.356863,0.380392,0.470588,0.381902,0.747001,0.149646,0.895576
271,412,0.407843,0.403922,0.490196,0.410984,2.4,0.137049,0.847008
196,417,0.337255,0.356863,0.415686,0.356941,1.314265,0.15993,0.935222
336,165,0.227451,0.278431,0.309804,0.269858,0.591454,0.195306,1.07161
155,308,0.415686,0.407843,0.494118,0.41574,1.591683,0.132374,0.828986
268,379,0.470588,0.443137,0.564706,0.457751,2.4,0.11426,0.75915
290,335,0.45098,0.403922,0.478431,0.419306,1.396831,0.130579,0.822066
255,80,0.219608,0.286275,0.254902,0.269836,0.642634,0.194486,1.068451
471,330,0.231373,0.282353,0.317647,0.274063,0.725264,0.191781,1.058022
351,303,0.305882,0.309804,0.364706,0.312934,0.572781,0.174932,0.993061
225,261,0.368627,0.360784,0.411765,0.366133,1.445602,0.152122,0.90512
236,310,0.552941,0.45098,0.466667,0.47379,1.775786,0.105484,0.725314
17,288,0.231373,0.27451,0.329412,0.269303,0.643671,0.192971,1.062609
311,436,0.403922,0.372549,0.466667,0.386014,1.320992,0.142695,0.868777
219,207,0.368627,0.345098,0.356863,0.35095,0.856318,0.157583,0.926177
209,213,0.384314,0.341176,0.368627,0.352329,0.6525,0.156715,0.922829
251,236,0.34902,0.337255,0.372549,0.342304,1.317144,0.160615,0.937866
67,226,0.25098,0.290196,0.384314,0.288654,0.671653,0.183345,1.025498
223,422,0.341176,0.364706,0.415686,0.363384,0.724423,0.151098,0.901174
185,372,0.356863,0.380392,0.45098,0.380486,1.968559,0.143588,0.872221
289,361,0.454902,0.396078,0.447059,0.412265,0.82937,0.129835,0.819198
298,249,0.384314,0.384314,0.490196,0.391958,1.178829,0.138439,0.852368
264,389,0.454902,0.415686,0.490196,0.429403,1.6377,0.122095,0.789358
432,194,0.196078,0.266667,0.407843,0.261853,0.683118,0.193551,1.064845
218,300,0.592157,0.443137,0.466667,0.476518,1.577653,0.101489,0.709913
252,240,0.341176,0.317647,0.364706,0.326047,1.510889,0.165657,0.957302
196,404,0.333333,0.360784,0.423529,0.359478,2.4,0.15111,0.90122
346,428,0.356863,0.352941,0.384314,0.35604,0.818663,0.152537,0.906723
325,423,0.372549,0.360784,0.396078,0.365834,0.58736,0.148327,0.890489
301,369,0.427451,0.372549,0.435294,0.388751,0.95484,0.138058,0.850901
226,451,0.309804,0.333333,0.396078,0.332861,0.821687,0.161962,0.943059
108,341,0.258824,0.313726,0.352941,0.304885,0.894127,0.17344,0.987308
77,232,0.243137,0.286275,0.345098,0.281351,0.878541,0.182917,1.023848
210,258,0.34902,0.34902,0.419608,0.354116,2.337692,0.150768,0.899902
14,553,0.215686,0.282353,0.258824,0.266481,0.804783,0.187975,1.043348
234,436,0.32549,0.34902,0.4,0.347698,1.148499,0.153081,0.90882
44,349,0.227451,0.278431,0.309804,0.269858,0.744546,0.186371,1.037163
256,250,0.392157,0.345098,0.364706,0.356518,0.57273,0.14877,0.892197
138,204,0.32549,0.364706,0.623529,0.375056,2.4,0.140387,0.859878
55,623,0.215686,0.278431,0.239216,0.26226,0.788665,0.188637,1.045899
320,409,0.368627,0.360784,0.411765,0.366133,2.389367,0.143919,0.873497
231,492,0.305882,0.305882,0.337255,0.308147,0.889692,0.168471,0.968152
328,538,0.270588,0.286275,0.294118,0.283506,0.862648,0.178941,1.00852
408,505,0.298039,0.305882,0.356863,0.307896,2.054347,0.168392,0.967849
164,333,0.396078,0.392157,0.482353,0.399503,1.672542,0.129081,0.816292
237,416,0.360784,0.376471,0.419608,0.37625,0.596403,0.139031,0.854651
306,257,0.384314,0.376471,0.458824,0.384084,0.980711,0.135374,0.840553
191,343,0.435294,0.427451,0.54902,0.437896,2.065995,0.112295,0.751576
393,62,0.211765,0.278431,0.247059,0.261993,0.82228,0.187645,1.042074
161,480,0.282353,0.294118,0.329412,0.294165,1.429151,0.173605,0.987946
432,378,0.258824,0.286275,0.32549,0.28327,0.664802,0.178007,1.004919
264,472,0.329412,0.321569,0.364706,0.326351,0.928784,0.159377,0.93309
305,455,0.34902,0.34902,0.388235,0.351851,2.164075,0.148356,0.890602
318,279,0.392157,0.372549,0.466667,0.383513,1.866298,0.134563,0.837424
311,356,0.403922,0.364706,0.427451,0.377573,0.772877,0.136203,0.843749
484,173,0.211765,0.27451,0.262745,0.260321,0.657049,0.186451,1.037471
324,288,0.372549,0.372549,0.443137,0.377645,2.4,0.136012,0.843011
167,560,0.247059,0.27451,0.266667,0.268107,1.74489,0.182731,1.02313
262,342,0.486275,0.427451,0.482353,0.443921,2.4,0.106616,0.72968
314,411,0.384314,0.368627,0.392157,0.373661,0.87799,0.136727,0.845767
191,357,0.419608,0.403922,0.490196,0.413485,2.4,0.11962,0.779816
156,625,0.239216,0.270588,0.239216,0.261653,0.620687,0.184686,1.030669
102,278,0.266667,0.301961,0.368627,0.299271,0.746323,0.168319,0.967566
255,299,0.419608,0.364706,0.419608,0.380342,2.4,0.133061,0.831635
282,386,0.45098,0.427451,0.494118,0.437267,2.4,0.108511,0.736986
335,372,0.345098,0.352941,0.411765,0.355521,2.4,0.143413,0.871546
305,275,0.435294,0.380392,0.486275,0.399709,2.4,0.123671,0.795434
355,101,0.207843,0.27451,0.243137,0.258071,0.783347,0.184316,1.029242
96,585,0.223529,0.266667,0.243137,0.255797,0.706401,0.185219,1.032722
349,332,0.360784,0.34902,0.415686,0.356334,1.161197,0.141637,0.864697
299,426,0.403922,0.384314,0.439216,0.392446,1.365849,0.126149,0.804986
246,293,0.384314,0.360784,0.447059,0.372016,0.716674,0.134674,0.837852
331,391,0.337255,0.341176,0.388235,0.34374,1.015267,0.14676,0.884451
250,290,0.396078,0.360784,0.435294,0.373667,2.4,0.132734,0.830375
451,207,0.2,0.266667,0.239216,0.250511,0.55,0.185161,1.032499
281,381,0.45098,0.427451,0.466667,0.435285,1.877444,0.105721,0.726231
151,277,0.458824,0.431373,0.501961,0.442305,0.77895,0.102622,0.71428
223,376,0.427451,0.4,0.501961,0.413198,0.702465,0.114808,0.761264
238,424,0.34902,0.364706,0.407843,0.364485,1.120093,0.134726,0.838055
287,329,0.380392,0.360784,0.415686,0.368917,0.693983,0.132403,0.829098
307,423,0.392157,0.376471,0.435294,0.384053,1.136862,0.12555,0.802677
192,457,0.298039,0.301961,0.368627,0.30594,2.4,0.158507,0.929737
348,492,0.298039,0.301961,0.321569,0.302543,0.753852,0.159495,0.933547
201,462,0.286275,0.301961,0.352941,0.302307,0.614609,0.159536,0.933704
279,536,0.278431,0.278431,0.301961,0.28013,0.654067,0.16868,0.968959
382,99,0.2,0.266667,0.235294,0.250228,0.665919,0.181325,1.017711
47,241,0.223529,0.262745,0.301961,0.257239,0.55,0.177985,1.004831
152,248,0.45098,0.411765,0.458824,0.4235,1.412031,0.106675,0.729906
166,376,0.301961,0.329412,0.392157,0.328106,0.55,0.147275,0.886436
286,383,0.45098,0.427451,0.505882,0.438116,1.680899,0.100044,0.704342
286,292,0.423529,0.376471,0.470588,0.393271,2.4,0.119026,0.777525
251,125,0.203922,0.262745,0.282353,0.251655,0.681681,0.179715,1.011503
298,335,0.407843,0.380392,0.45098,0.391325,2.4,0.118921,0.777118
350,315,0.309804,0.313726,0.380392,0.317705,1.820198,0.149773,0.896067
199,259,0.329412,0.337255,0.4,0.340118,1.845706,0.139523,0.856547
149,209,0.247059,0.278431,0.364706,0.277991,1.634878,0.165278,0.955844
181,224,0.286275,0.298039,0.392157,0.302333,0.972596,0.154475,0.914192
1,100,0.207843,0.266667,0.247059,0.252745,1.067387,0.174873,0.992836
380,458,0.313726,0.329412,0.372549,0.329191,0.55,0.141743,0.865106
222,284,0.423529,0.384314,0.45098,0.397464,2.4,0.112396,0.751965
195,459,0.301961,0.301961,0.364706,0.306491,2.4,0.151039,0.900948
202,363,0.411765,0.388235,0.490196,0.400599,2.230819,0.109198,0.739636
72,271,0.223529,0.27451,0.337255,0.268202,0.885193,0.16572,0.957546
295,345,0.435294,0.372549,0.443137,0.390985,2.4,0.112711,0.753177
213,226,0.435294,0.34902,0.360784,0.368211,0.845093,0.122352,0.790349
265,246,0.341176,0.313726,0.345098,0.321827,0.623678,0.142078,0.866397
57,495,0.219608,0.258824,0.254902,0.250203,0.906695,0.172415,0.98336
295,392,0.403922,0.396078,0.431373,0.400294,2.060653,0.10794,0.734783
326,356,0.360784,0.34902,0.388235,0.354352,1.345228,0.127613,0.81063
454,318,0.219608,0.258824,0.286275,0.252468,0.917323,0.171243,0.978839
397,40,0.196078,0.262745,0.239216,0.246873,0.887212,0.173468,0.987419
403,457,0.321569,0.333333,0.396078,0.335362,1.494564,0.135381,0.840578
411,481,0.266667,0.290196,0.313726,0.286893,1.047741,0.155882,0.919616
243,241,0.278431,0.286275,0.321569,0.287155,0.903337,0.155074,0.916501
346,244,0.25098,0.282353,0.337255,0.279647,0.693832,0.158193,0.928527
423,464,0.247059,0.278431,0.290196,0.272611,0.55,0.161031,0.939469
358,403,0.403922,0.380392,0.454902,0.390774,2.080261,0.109819,0.742027
132,204,0.301961,0.329412,0.545098,0.339148,2.4,0.131501,0.825619
351,517,0.266667,0.27451,0.294118,0.274258,1.930414,0.159255,0.932623
191,102,0.196078,0.258824,0.25098,0.244918,0.836163,0.171498,0.979821
165,408,0.294118,0.305882,0.364706,0.307628,0.824896,0.143734,0.872784
484,132,0.192157,0.258824,0.235294,0.242951,0.800233,0.170893,0.977491
104,54,0.188235,0.254902,0.215686,0.237897,0.616674,0.172952,0.985429
248,159,0.203922,0.254902,0.32549,0.24916,0.55,0.167693,0.965152
204,224,0.439216,0.345098,0.364706,0.366523,1.486998,0.117341,0.771029
264,432,0.329412,0.345098,0.396078,0.345444,0.568662,0.126231,0.805302
431,314,0.207843,0.254902,0.301961,0.248295,0.771306,0.167762,0.965418
348,336,0.356863,0.345098,0.423529,0.353262,2.4,0.122498,0.79091
200,103,0.192157,0.254902,0.25098,0.241279,0.691695,0.170272,0.975096
445,461,0.223529,0.258824,0.290196,0.253585,0.792205,0.164809,0.954036
233,393,0.396078,0.368627,0.458824,0.380976,0.748231,0.110143,0.743277
252,335,0.458824,0.376471,0.407843,0.396244,1.387178,0.103527,0.717769
263,310,0.34902,0.333333,0.388235,0.340632,1.53711,0.127108,0.808683
283,503,0.286275,0.282353,0.305882,0.284886,1.33625,0.150994,0.900772
298,471,0.313726,0.305882,0.34902,0.310664,0.945552,0.139387,0.856022
373,397,0.329412,0.337255,0.364706,0.337569,1.620301,0.127656,0.810798
363,291,0.258824,0.294118,0.352941,0.290861,0.725131,0.147665,0.88794
417,506,0.258824,0.266667,0.317647,0.26868,0.82434,0.157103,0.924325
249,277,0.435294,0.368627,0.470588,0.390162,2.296738,0.104795,0.72266
309,419,0.376471,0.360784,0.419608,0.368366,1.366555,0.114126,0.758634
195,222,0.356863,0.317647,0.356863,0.328816,1.946801,0.130361,0.821224
143,335,0.298039,0.337255,0.403922,0.333731,1.038667,0.127813,0.8114
479,224,0.203922,0.266667,0.247059,0.251911,2.4,0.162631,0.945636
462,410,0.219608,0.258824,0.258824,0.250486,0.754795,0.163239,0.947983
198,223,0.376471,0.317647,0.356863,0.332984,2.336338,0.127841,0.811509
218,396,0.333333,0.360784,0.423529,0.359478,2.4,0.116436,0.767539
420,194,0.192157,0.247059,0.286275,0.238218,0.747481,0.168,0.966338
337,349,0.32549,0.376471,0.513726,0.375542,2.4,0.108732,0.737837
334,560,0.25098,0.262745,0.282353,0.26166,1.478488,0.157527,0.925961
458,427,0.223529,0.258824,0.254902,0.251037,1.312953,0.161987,0.943154
294,224,0.262745,0.298039,0.419608,0.299313,0.919946,0.141116,0.86269
390,502,0.247059,0.266667,0.290196,0.264197,0.609302,0.155998,0.920064
426,262,0.2,0.247059,0.305882,0.241301,0.585887,0.1655,0.9567
301,402,0.407843,0.380392,0.431373,0.389909,2.4,0.101721,0.710807
270,226,0.27451,0.290196,0.321569,0.289126,0.55,0.144843,0.877057
311,335,0.364706,0.337255,0.423529,0.34932,1.248681,0.118975,0.77733
250,186,0.243137,0.278431,0.333333,0.274892,1.464565,0.150552,0.89907
339,315,0.317647,0.305882,0.368627,0.312914,1.814857,0.134192,0.835995
19,143,0.196078,0.25098,0.254902,0.239591,0.667735,0.165537,0.956839
292,211,0.239216,0.290196,0.376471,0.285587,0.932203,0.145762,0.880603
204,479,0.266667,0.27451,0.321569,0.27624,0.588898,0.149593,0.895373
147,347,0.286275,0.329412,0.411765,0.326187,1.940921,0.128056,0.812341
263,264,0.454902,0.364706,0.403922,0.386713,2.138614,0.102113,0.712319
245,533,0.25098,0.262745,0.282353,0.26166,0.924044,0.155563,0.918387
427,340,0.207843,0.262745,0.309804,0.254471,2.08543,0.15833,0.929056
173,476,0.266667,0.27451,0.32549,0.276523,0.948704,0.148595,0.891524
350,388,0.337255,0.32549,0.396078,0.333088,1.555649,0.124197,0.797463
314,431,0.368627,0.341176,0.403922,0.351543,1.041781,0.116062,0.766099
106,257,0.258824,0.301961,0.380392,0.298453,2.4,0.138678,0.853292
276,474,0.313726,0.301961,0.376471,0.309842,0.95674,0.133487,0.833278
132,268,0.380392,0.376471,0.462745,0.383533,2.4,0.10179,0.711074
126,200,0.301961,0.321569,0.462745,0.327593,2.4,0.125567,0.802744
346,432,0.32549,0.321569,0.352941,0.324667,0.55,0.126791,0.807462
272,537,0.254902,0.262745,0.282353,0.262493,0.810391,0.1534,0.910047
136,463,0.254902,0.270588,0.317647,0.270651,2.370935,0.149868,0.89643
304,319,0.364706,0.329412,0.415686,0.343144,0.555915,0.118693,0.77624
185,218,0.290196,0.282353,0.32549,0.287135,0.678239,0.142597,0.868398
248,527,0.239216,0.254902,0.286275,0.253832,0.55,0.15664,0.92254
354,471,0.298039,0.301961,0.333333,0.303392,0.951602,0.135314,0.84032
335,433,0.337255,0.329412,0.372549,0.334194,0.659152,0.121976,0.788899
370,389,0.333333,0.333333,0.380392,0.336731,2.104482,0.120758,0.784202
71,337,0.203922,0.254902,0.32549,0.24916,1.936616,0.158095,0.928151
426,532,0.235294,0.258824,0.286275,0.255803,0.738277,0.154484,0.914228
359,304,0.270588,0.278431,0.329412,0.280445,1.588554,0.143692,0.872622
276,278,0.380392,0.329412,0.396078,0.345064,0.698129,0.115725,0.764797
143,317,0.313726,0.345098,0.415686,0.343525,0.660476,0.116347,0.767197
265,408,0.360784,0.364706,0.443137,0.369535,2.051058,0.104953,0.723268
296,513,0.278431,0.27451,0.294118,0.276759,1.668301,0.144471,0.875624
64,313,0.2,0.247059,0.305882,0.241301,1.407375,0.159634,0.934085
444,185,0.184314,0.239216,0.341176,0.234905,0.896006,0.162262,0.944215
124,196,0.25098,0.278431,0.415686,0.282505,2.4,0.141851,0.865524
318,384,0.345098,0.329412,0.392157,0.337277,2.4,0.118353,0.774929
308,318,0.384314,0.337255,0.447059,0.355187,0.887138,0.110001,0.742731
218,255,0.329412,0.321569,0.356863,0.325784,0.7717,0.122551,0.791115
420,275,0.2,0.247059,0.298039,0.240735,0.95907,0.158618,0.930166
101,488,0.215686,0.247059,0.290196,0.243504,0.804064,0.157121,0.924394
276,432,0.337255,0.333333,0.388235,0.338131,1.524439,0.116115,0.766301
152,585,0.219608,0.243137,0.227451,0.237002,0.853991,0.159405,0.933201
207,397,0.313726,0.341176,0.403922,0.339871,0.702975,0.115281,0.763085
114,341,0.235294,0.282353,0.345098,0.276878,0.836027,0.142271,0.867144
228,414,0.333333,0.345098,0.376471,0.344862,1.797837,0.113013,0.754343
144,235,0.34902,0.32549,0.376471,0.334173,0.647797,0.11754,0.771796
472,254,0.180392,0.239216,0.25098,0.227559,0.569873,0.162932,0.946797
409,270,0.2,0.243137,0.309804,0.23878,0.73451,0.157596,0.926227
35,113,0.180392,0.247059,0.215686,0.23062,0.844141,0.160939,0.939113
321,374,0.321569,0.317647,0.341176,0.32018,0.55,0.122241,0.789921
115,460,0.235294,0.25098,0.298039,0.251043,0.951722,0.151554,0.902932
226,207,0.313726,0.305882,0.32549,0.308965,1.132572,0.126719,0.807185
375,426,0.27451,0.298039,0.345098,0.296435,1.706418,0.131717,0.826452
164,240,0.313726,0.301961,0.411765,0.31239,2.4,0.124602,0.799023
196,448,0.262745,0.290196,0.356863,0.289173,0.55,0.134264,0.836271
285,435,0.352941,0.341176,0.403922,0.348208,2.4,0.108685,0.737656
64,183,0.203922,0.239216,0.266667,0.233694,0.612967,0.156841,0.923316
116,316,0.25098,0.294118,0.380392,0.291176,0.970994,0.132133,0.828058
237,469,0.290196,0.290196,0.337255,0.293594,0.728584,0.13103,0.823805
78,259,0.219608,0.254902,0.321569,0.252212,1.681077,0.14847,0.89104
253,469,0.294118,0.286275,0.333333,0.29134,0.62004,0.131517,0.825683
446,387,0.203922,0.254902,0.286275,0.246329,2.274366,0.150753,0.899842
160,390,0.27451,0.294118,0.364706,0.295045,0.55,0.12977,0.818948
321,280,0.345098,0.333333,0.407843,0.341214,2.4,0.109951,0.742539
166,162,0.227451,0.254902,0.317647,0.253596,0.906115,0.147136,0.885899
379,530,0.219608,0.247059,0.270588,0.242922,0.604478,0.151385,0.90228
119,93,0.176471,0.239216,0.235294,0.225593,0.55,0.158615,0.930156
223,267,0.329412,0.317647,0.388235,0.325245,1.769888,0.115853,0.76529
143,346,0.270588,0.313726,0.392157,0.310217,1.492264,0.121992,0.788959
314,398,0.333333,0.32549,0.360784,0.329706,2.4,0.112993,0.754266
270,238,0.317647,0.301961,0.360784,0.309543,2.4,0.121399,0.786674
336,241,0.235294,0.270588,0.388235,0.271579,0.922144,0.1367,0.845666
396,444,0.294118,0.301961,0.352941,0.303974,0.630661,0.12276,0.791921
151,462,0.25098,0.254902,0.301961,0.257466,0.646492,0.142616,0.868472
437,378,0.215686,0.247059,0.290196,0.243504,0.661361,0.148403,0.890782
344,369,0.32549,0.313726,0.34902,0.318775,0.55,0.115615,0.764375
213,477,0.262745,0.270588,0.321569,0.272602,0.770654,0.135398,0.840644
128,266,0.333333,0.333333,0.396078,0.337864,0.55,0.107127,0.73165
387,385,0.282353,0.27451,0.317647,0.279292,0.864899,0.13196,0.827388
244,303,0.407843,0.333333,0.407843,0.354554,2.4,0.099688,0.702969
435,155,0.168627,0.235294,0.266667,0.223386,0.565496,0.155846,0.91948
296,541,0.25098,0.254902,0.270588,0.255201,0.891185,0.142099,0.86648
419,488,0.262745,0.27451,0.301961,0.273991,2.4,0.133778,0.834398
491,409,0.192157,0.235294,0.219608,0.224991,0.557333,0.154754,0.915269
278,223,0.25098,0.286275,0.352941,0.283584,0.929538,0.129535,0.818039
415,184,0.176471,0.227451,0.290196,0.221143,0.55,0.156146,0.920634
283,566,0.223529,0.243137,0.231373,0.238119,0.905217,0.148754,0.892135
406,418,0.235294,0.258824,0.309804,0.257502,0.646779,0.140066,0.858643
346,504,0.262745,0.258824,0.282353,0.261356,0.68864,0.138303,0.851846
349,252,0.231373,0.258824,0.341176,0.258933,0.728484,0.139228,0.855412
435,83,0.176471,0.243137,0.215686,0.226982,0.929053,0.152771,0.907622
224,537,0.223529,0.247059,0.25098,0.24234,0.660766,0.145965,0.881382
374,422,0.278431,0.301961,0.356863,0.300922,1.844844,0.120841,0.784521
436,335,0.196078,0.239216,0.27451,0.232593,0.683138,0.149863,0.896413
367,394,0.333333,0.32549,0.372549,0.330555,1.28444,0.107634,0.733606
175,223,0.247059,0.27451,0.341176,0.273487,0.710975,0.132083,0.827864
495,399,0.184314,0.231373,0.215686,0.220235,0.55,0.153989,0.912318
392,543,0.219608,0.243137,0.266667,0.239834,0.919871,0.145127,0.878153
392,382,0.254902,0.266667,0.294118,0.266147,0.839849,0.133697,0.834085
335,248,0.231373,0.27451,0.352941,0.271002,1.576524,0.130986,0.823635
349,614,0.207843,0.235294,0.203922,0.227193,0.727599,0.149219,0.893929
324,327,0.356863,0.333333,0.407843,0.343715,2.4,0.099274,0.701373
258,279,0.364706,0.317647,0.4,0.333598,1.509218,0.103003,0.715749
303,484,0.278431,0.270588,0.313726,0.27537,1.560455,0.127772,0.811242
166,438,0.266667,0.27451,0.321569,0.27624,0.820179,0.127236,0.809176
75,340,0.188235,0.243137,0.290196,0.234863,1.190885,0.144565,0.875988
302,243,0.290196,0.321569,0.411765,0.321411,1.3958,0.106485,0.729175
99,320,0.223529,0.262745,0.333333,0.259504,1.017197,0.133011,0.831443
121,50,0.168627,0.235294,0.196078,0.218289,0.707734,0.150597,0.899243
430,325,0.215686,0.239216,0.364706,0.243274,2.4,0.139689,0.857187
486,545,0.184314,0.231373,0.215686,0.220235,0.613192,0.149249,0.894046
440,208,0.172549,0.223529,0.294118,0.217787,0.718433,0.150174,0.897613
375,414,0.262745,0.282353,0.360784,0.283847,2.037695,0.121793,0.788193
199,203,0.290196,0.278431,0.305882,0.282915,0.887062,0.121722,0.787921
272,248,0.329412,0.301961,0.341176,0.310628,0.55,0.109552,0.741001
349,422,0.309804,0.301961,0.345098,0.306743,1.379338,0.111185,0.747297
233,268,0.317647,0.294118,0.333333,0.301951,0.55,0.112789,0.75348
156,239,0.329412,0.290196,0.360784,0.30363,0.55,0.112032,0.750559
312,261,0.309804,0.309804,0.392157,0.31575,0.55,0.106426,0.728947
84,244,0.219608,0.247059,0.317647,0.246319,1.648017,0.136175,0.843641
339,318,0.301961,0.286275,0.34902,0.29414,2.4,0.115491,0.763895
231,215,0.294118,0.270588,0.305882,0.278139,0.860167,0.122178,0.789676
463,456,0.2,0.235294,0.262745,0.229773,0.832297,0.142898,0.869561
265,239,0.298039,0.282353,0.341176,0.289935,1.39435,0.116955,0.769539
298,228,0.239216,0.282353,0.368627,0.279411,0.872358,0.12126,0.786138
203,233,0.337255,0.294118,0.321569,0.305271,0.971097,0.110126,0.743211
37,298,0.180392,0.231373,0.262745,0.222799,0.741446,0.145448,0.879392
133,314,0.282353,0.305882,0.392157,0.307109,0.677649,0.109289,0.739987
163,220,0.258824,0.278431,0.368627,0.280775,1.788676,0.120467,0.78308
154,410,0.243137,0.270588,0.345098,0.270132,2.094277,0.124848,0.799971
116,182,0.211765,0.243137,0.384314,0.24666,2.4,0.134804,0.838353
242,197,0.235294,0.247059,0.282353,0.247106,1.830211,0.134469,0.837062
131,352,0.227451,0.278431,0.352941,0.272973,1.713177,0.123375,0.794293
394,411,0.235294,0.262745,0.301961,0.25974,0.55,0.128918,0.815663
328,216,0.2,0.243137,0.313726,0.239063,0.954686,0.137599,0.84913
363,342,0.27451,0.270588,0.329412,0.275669,0.639826,0.121734,0.787965
425,519,0.219608,0.239216,0.254902,0.23618,0.695262,0.137593,0.849106
340,326,0.309804,0.294118,0.34902,0.301416,0.55,0.109501,0.740804
350,393,0.294118,0.294118,0.34902,0.298082,0.787594,0.110599,0.745037
161,376,0.262745,0.290196,0.356863,0.289173,0.679805,0.114161,0.758767
356,339,0.309804,0.294118,0.352941,0.3017,2.4,0.108661,0.737564
282,443,0.321569,0.313726,0.356863,0.318507,2.4,0.101327,0.709291
124,343,0.227451,0.27451,0.333333,0.268752,2.335074,0.122456,0.790747
398,569,0.196078,0.227451,0.239216,0.221631,0.769512,0.142394,0.867616
358,456,0.290196,0.290196,0.321569,0.292461,0.897866,0.112,0.750439
301,380,0.341176,0.313726,0.34902,0.32211,0.574778,0.098946,0.700111
480,546,0.188235,0.223529,0.2,0.214327,0.691302,0.14412,0.874269
110,330,0.219608,0.262745,0.341176,0.259237,0.857748,0.124813,0.799837
230,207,0.282353,0.282353,0.305882,0.284052,2.242923,0.11388,0.757685
325,390,0.309804,0.305882,0.360784,0.31068,2.4,0.101844,0.711281
84,204,0.215686,0.239216,0.294118,0.238177,0.778978,0.132223,0.828405
163,504,0.223529,0.235294,0.262745,0.234775,0.91744,0.133358,0.832781
261,613,0.2,0.231373,0.243137,0.225552,1.437923,0.137308,0.848007
184,484,0.239216,0.25098,0.286275,0.251027,0.830801,0.126321,0.805649
338,442,0.309804,0.301961,0.341176,0.30646,1.850326,0.102017,0.711948
347,467,0.262745,0.27451,0.309804,0.274557,1.184652,0.115674,0.764603
248,444,0.278431,0.294118,0.341176,0.29418,0.821011,0.107137,0.731687
279,444,0.309804,0.305882,0.360784,0.31068,2.394019,0.100058,0.704395
195,480,0.235294,0.25098,0.294118,0.25076,1.963166,0.125673,0.803151
69,243,0.203922,0.235294,0.317647,0.23457,2.4,0.132545,0.829646
364,408,0.301961,0.301961,0.368627,0.306774,0.971879,0.101275,0.709088
314,478,0.278431,0.270588,0.305882,0.274804,2.275202,0.1148,0.761231
318,444,0.305882,0.301961,0.329412,0.304776,0.608204,0.101571,0.710229
401,471,0.282353,0.290196,0.317647,0.290511,0.628385,0.107595,0.733454
222,426,0.278431,0.301961,0.364706,0.301489,0.806417,0.102769,0.714847
323,239,0.223529,0.258824,0.341176,0.257266,0.564491,0.121482,0.786993
295,449,0.305882,0.305882,0.34902,0.308997,1.779992,0.099137,0.700845
399,262,0.176471,0.223529,0.278431,0.217489,0.64994,0.138352,0.852033
351,409,0.27451,0.282353,0.32549,0.2838,2.157739,0.109882,0.742273
223,431,0.266667,0.290196,0.352941,0.289724,1.635875,0.107129,0.731659
421,264,0.172549,0.219608,0.278431,0.21385,0.833065,0.139324,0.85578
371,451,0.294118,0.294118,0.333333,0.296949,1.331095,0.102801,0.71497
385,278,0.184314,0.231373,0.294118,0.225898,0.762357,0.133146,0.831961
109,299,0.227451,0.266667,0.411765,0.268806,1.193059,0.114578,0.760376
383,394,0.27451,0.278431,0.313726,0.280146,2.4,0.10956,0.741029
396,205,0.164706,0.211765,0.270588,0.206007,0.846001,0.1412,0.863015
75,288,0.184314,0.227451,0.298039,0.223376,2.283815,0.133392,0.832912
365,325,0.266667,0.266667,0.305882,0.269498,0.83061,0.113567,0.756479
310,200,0.176471,0.223529,0.270588,0.216922,0.721199,0.135546,0.841215
429,255,0.168627,0.215686,0.262745,0.209079,0.590971,0.1389,0.854145
273,318,0.301961,0.294118,0.34902,0.299749,0.551864,0.09988,0.70371
308,171,0.176471,0.215686,0.27451,0.211596,0.75685,0.137298,0.847969
314,532,0.235294,0.239216,0.25098,0.239231,0.786759,0.125229,0.801439
52,461,0.180392,0.219608,0.258824,0.214102,0.802969,0.135726,0.841908
114,354,0.211765,0.262745,0.329412,0.25672,0.851013,0.117339,0.771021
481,451,0.188235,0.223529,0.239216,0.217158,0.78849,0.133324,0.83265
192,476,0.247059,0.247059,0.294118,0.250456,0.690216,0.118572,0.775776
107,202,0.227451,0.247059,0.301961,0.246854,0.80927,0.120033,0.781409
182,146,0.176471,0.223529,0.247059,0.215224,0.819712,0.133466,0.833195
167,64,0.14902,0.215686,0.184314,0.199248,0.577835,0.14012,0.858848
287,453,0.290196,0.286275,0.317647,0.289373,0.55,0.101293,0.709157
347,545,0.211765,0.223529,0.243137,0.222444,0.687764,0.12984,0.819218
187,42,0.156863,0.223529,0.184314,0.206525,0.774031,0.136095,0.843331
216,426,0.262745,0.294118,0.368627,0.292827,1.058491,0.099072,0.700594
128,432,0.211765,0.235294,0.317647,0.236238,0.918715,0.123052,0.793048
455,447,0.192157,0.227451,0.254902,0.221929,0.706309,0.128964,0.815839
298,465,0.278431,0.270588,0.313726,0.27537,0.725902,0.106055,0.727516
372,401,0.266667,0.286275,0.32549,0.284937,1.876372,0.101789,0.711069
387,22,0.152941,0.219608,0.180392,0.202603,0.682845,0.136443,0.844672
94,222,0.219608,0.243137,0.305882,0.242665,1.627416,0.118825,0.77675
152,544,0.188235,0.219608,0.219608,0.212938,0.66939,0.131104,0.824088
98,518,0.180392,0.223529,0.203922,0.212943,0.878197,0.13104,0.823843
146,395,0.219608,0.25098,0.329412,0.249973,1.066581,0.115063,0.762244
368,431,0.227451,0.247059,0.266667,0.244306,0.55,0.117472,0.771534
61,241,0.184314,0.215686,0.294118,0.214679,0.818483,0.130042,0.819997
370,348,0.258824,0.25098,0.305882,0.256612,1.198164,0.111274,0.747639
367,401,0.278431,0.282353,0.32549,0.284634,2.387514,0.098998,0.700311
160,204,0.2,0.227451,0.298039,0.226711,0.55,0.123456,0.794602
324,155,0.152941,0.211765,0.223529,0.200108,0.55,0.134801,0.838345
167,390,0.258824,0.27451,0.34902,0.276555,1.061956,0.101385,0.709513
383,293,0.192157,0.227451,0.298039,0.225044,1.844347,0.123299,0.793998
239,478,0.254902,0.254902,0.294118,0.257733,0.84422,0.10923,0.739759
397,22,0.14902,0.215686,0.176471,0.198682,0.791613,0.133835,0.83462
128,357,0.223529,0.25098,0.352941,0.252506,2.315048,0.110409,0.744303
316,475,0.266667,0.262745,0.294118,0.265844,2.4,0.104548,0.721707
436,531,0.203922,0.223529,0.239216,0.220493,1.966985,0.123852,0.79613
178,478,0.231373,0.239216,0.286275,0.240946,1.742727,0.114794,0.76121
376,223,0.164706,0.211765,0.258824,0.205158,0.55,0.129877,0.81936
228,456,0.243137,0.266667,0.32549,0.265911,0.726076,0.103248,0.716697
42,354,0.164706,0.211765,0.262745,0.205441,0.954699,0.128563,0.814295
408,427,0.207843,0.235294,0.258824,0.231157,0.630077,0.117498,0.771634
164,413,0.239216,0.258824,0.305882,0.258053,0.841284,0.105707,0.726174
112,174,0.176471,0.211765,0.262745,0.207942,0.659948,0.127003,0.808278
173,412,0.27451,0.262745,0.329412,0.27006,2.08481,0.100358,0.705552
446,242,0.152941,0.203922,0.227451,0.194782,0.648906,0.131103,0.824085
240,168,0.164706,0.215686,0.278431,0.209378,0.762829,0.124308,0.797888
169,211,0.215686,0.227451,0.298039,0.230046,0.675456,0.115349,0.76335
331,270,0.231373,0.254902,0.345098,0.256412,1.606208,0.103649,0.718241
15,518,0.160784,0.207843,0.196078,0.196989,0.694648,0.128717,0.814887
428,473,0.2,0.219608,0.235294,0.216572,0.569334,0.120183,0.781984
127,351,0.207843,0.247059,0.341176,0.245517,1.976704,0.107227,0.732036
219,491,0.219608,0.231373,0.266667,0.23142,2.4,0.112024,0.750531
443,479,0.180392,0.211765,0.215686,0.205378,0.560792,0.12286,0.792307
443,386,0.176471,0.227451,0.254902,0.218595,2.207502,0.116706,0.768581
455,295,0.152941,0.203922,0.227451,0.194782,0.592756,0.126723,0.8072
160,518,0.192157,0.211765,0.227451,0.208729,0.580842,0.120665,0.783845
382,535,0.188235,0.215686,0.239216,0.211549,0.676804,0.119214,0.778249
136,398,0.203922,0.239216,0.305882,0.236525,0.614566,0.108236,0.735924
143,376,0.219608,0.254902,0.317647,0.251929,1.211663,0.101433,0.709698
432,374,0.192157,0.219608,0.243137,0.215471,0.673264,0.116895,0.769311
460,377,0.160784,0.211765,0.243137,0.203191,2.019741,0.122149,0.789566
332,266,0.219608,0.25098,0.337255,0.25054,2.176604,0.101658,0.710564
181,427,0.227451,0.25098,0.309804,0.250225,2.099343,0.101048,0.708213
104,235,0.211765,0.243137,0.298039,0.240431,0.804271,0.105093,0.723807
437,360,0.164706,0.215686,0.247059,0.207113,0.783765,0.118867,0.77691
341,288,0.235294,0.243137,0.329412,0.247699,0.827533,0.101336,0.709323
128,470,0.188235,0.207843,0.254902,0.207072,0.55,0.11868,0.776191
212,583,0.192157,0.215686,0.207843,0.210118,0.98855,0.116144,0.766412
281,580,0.184314,0.207843,0.192157,0.201708,0.913183,0.119445,0.779139
314,221,0.188235,0.239216,0.313726,0.233757,2.004424,0.105655,0.725974
21,106,0.168627,0.203922,0.231373,0.1984,1.018953,0.120788,0.784319
178,426,0.219608,0.25098,0.301961,0.247991,2.199822,0.099495,0.702225
376,348,0.231373,0.235294,0.286275,0.238141,0.802139,0.103284,0.716835
17,393,0.152941,0.203922,0.227451,0.194782,0.885358,0.12151,0.787101
247,234,0.247059,0.243137,0.27451,0.246236,0.787158,0.099379,0.701778
211,540,0.192157,0.215686,0.215686,0.210684,0.68517,0.114479,0.759996
427,328,0.168627,0.207843,0.298039,0.206018,2.4,0.116365,0.767265
416,396,0.196078,0.211765,0.25098,0.211261,0.55,0.11389,0.757723
338,508,0.223529,0.219608,0.243137,0.22214,0.703379,0.108808,0.73813
384,154,0.145098,0.2,0.235294,0.190876,1.487552,0.121559,0.787291
170,497,0.2,0.211765,0.243137,0.211529,0.562293,0.112385,0.751922
366,316,0.219608,0.235294,0.27451,0.234791,0.798502,0.102288,0.712992
301,537,0.215686,0.219608,0.235294,0.219907,1.174665,0.107977,0.734928
108,475,0.180392,0.203922,0.25098,0.202317,0.725707,0.115324,0.763252
399,422,0.215686,0.239216,0.294118,0.238177,0.680963,0.09993,0.703903
423,237,0.14902,0.2,0.231373,0.191427,0.965992,0.119576,0.779644
325,550,0.192157,0.207843,0.211765,0.204791,0.625466,0.113122,0.754763
483,580,0.141176,0.203922,0.164706,0.187751,0.884091,0.120088,0.78162
325,207,0.160784,0.203922,0.27451,0.199847,1.796002,0.114622,0.760545
279,512,0.223529,0.223529,0.247059,0.225228,1.518904,0.103559,0.717892
51,233,0.152941,0.2,0.247059,0.193393,0.628922,0.116985,0.769655
248,144,0.156863,0.196078,0.235294,0.190573,0.882029,0.116953,0.769534
441,436,0.168627,0.203922,0.219608,0.197551,2.335699,0.113822,0.757461
111,159,0.160784,0.203922,0.254902,0.198431,1.076717,0.113026,0.754394
84,391,0.172549,0.207843,0.27451,0.205153,0.993426,0.109206,0.739665
43,632,0.133333,0.2,0.160784,0.182995,0.97849,0.118081,0.773881
165,480,0.207843,0.219608,0.254902,0.219655,1.631313,0.102288,0.712993
87,126,0.129412,0.192157,0.192157,0.178817,0.578407,0.119499,0.77935
69,512,0.160784,0.2,0.203922,0.191946,1.449464,0.113726,0.757092
126,485,0.172549,0.2,0.223529,0.195863,0.686322,0.111754,0.749488
192,544,0.172549,0.203922,0.215686,0.198101,0.705526,0.110363,0.744125
89,200,0.196078,0.219608,0.266667,0.218003,0.97649,0.101737,0.71087
95,144,0.145098,0.192157,0.243137,0.185833,0.728822,0.115465,0.763795
437,261,0.141176,0.188235,0.243137,0.182195,0.665361,0.116879,0.769246
437,368,0.160784,0.203922,0.25098,0.198148,0.732827,0.109567,0.741056
382,603,0.160784,0.196078,0.184314,0.187725,0.719907,0.113738,0.757136
70,138,0.137255,0.196078,0.211765,0.184705,0.745478,0.114773,0.761127
374,629,0.156863,0.188235,0.160784,0.179584,0.569342,0.115437,0.763688
95,543,0.156863,0.2,0.176471,0.18913,0.661109,0.111197,0.747343
44,222,0.145098,0.192157,0.235294,0.185267,0.55,0.112196,0.751194
448,436,0.160784,0.196078,0.215686,0.189991,0.725251,0.110075,0.743016
484,150,0.129412,0.196078,0.164706,0.17964,0.756044,0.114253,0.759122
470,587,0.145098,0.188235,0.164706,0.177365,0.661611,0.114336,0.759444
117,464,0.192157,0.207843,0.25098,0.207623,2.4,0.10096,0.707874
313,519,0.207843,0.203922,0.223529,0.206171,0.642392,0.101546,0.710132
25,246,0.141176,0.188235,0.239216,0.181911,2.4,0.111766,0.749534
170,514,0.180392,0.2,0.215686,0.196964,0.637798,0.105257,0.72444
119,427,0.180392,0.2,0.258824,0.200078,0.832825,0.103525,0.717763
464,378,0.160784,0.203922,0.239216,0.197299,2.4,0.104342,0.720913
250,174,0.14902,0.196078,0.254902,0.190321,0.644591,0.10707,0.73143
54,295,0.145098,0.188235,0.258824,0.184161,0.927054,0.109667,0.741444
158,112,0.129412,0.196078,0.172549,0.180206,0.982434,0.110958,0.746419
166,612,0.164706,0.192157,0.160784,0.184056,0.764177,0.108476,0.736851
171,532,0.168627,0.2,0.207843,0.193896,0.822713,0.104176,0.720274
398,511,0.180392,0.2,0.223529,0.19753,0.55,0.102505,0.71383
261,609,0.164706,0.196078,0.203922,0.189975,0.958546,0.105344,0.724775
158,616,0.160784,0.188235,0.160784,0.180417,0.705931,0.109209,0.739676
284,188,0.14902,0.2,0.270588,0.194258,1.387454,0.102799,0.714963
121,596,0.14902,0.188235,0.156863,0.177633,0.764512,0.109912,0.742388
437,537,0.172549,0.192157,0.203922,0.188838,2.328963,0.104983,0.723385
15,181,0.133333,0.192157,0.203922,0.1805,0.861634,0.108267,0.736045
426,439,0.164706,0.196078,0.203922,0.189975,0.685854,0.103884,0.719148
448,511,0.184314,0.203922,0.207843,0.200036,2.000244,0.09953,0.702359
281,590,0.164706,0.188235,0.180392,0.182667,0.703115,0.106516,0.729294
15,523,0.137255,0.188235,0.180392,0.176831,0.773274,0.108977,0.738784
480,173,0.12549,0.188235,0.176471,0.174046,1.939019,0.109227,0.739744
458,354,0.14902,0.184314,0.239216,0.180774,0.720967,0.105296,0.724589
69,175,0.152941,0.188235,0.219608,0.182997,0.790712,0.104327,0.720856
435,534,0.176471,0.196078,0.211765,0.193042,2.4,0.099237,0.701233
285,177,0.145098,0.184314,0.294118,0.183904,0.739027,0.102525,0.713908
27,243,0.133333,0.176471,0.25098,0.172679,2.39832,0.106134,0.727823
454,439,0.156863,0.192157,0.219608,0.186635,0.690224,0.099512,0.70229
398,194,0.121569,0.176471,0.223529,0.168196,0.55,0.106545,0.729406
473,92,0.121569,0.188235,0.156863,0.171797,0.916708,0.104592,0.721875
255,159,0.129412,0.180392,0.239216,0.173801,0.55,0.103008,0.715768
389,153,0.121569,0.180392,0.207843,0.169868,0.742429,0.104064,0.719842
43,234,0.145098,0.184314,0.219608,0.178525,0.958844,0.099835,0.703537
31,38,0.121569,0.188235,0.14902,0.171231,0.883363,0.102677,0.714495
437,102,0.113725,0.180392,0.14902,0.163954,0.659705,0.104654,0.722115
391,584,0.14902,0.184314,0.172549,0.175961,0.935869,0.099273,0.701371
37,337,0.129412,0.176471,0.227451,0.170147,0.83326,0.101724,0.71082
271,584,0.14902,0.184314,0.164706,0.175395,0.795155,0.09931,0.701514
257,134,0.12549,0.168627,0.282353,0.167667,0.790428,0.102322,0.713124
481,343,0.12549,0.180392,0.188235,0.169286,1.323243,0.100414,0.705768
394,135,0.117647,0.180392,0.172549,0.166486,0.915763,0.099926,0.703886
447,269,0.121569,0.172549,0.196078,0.163409,0.642538,0.100759,0.707099
